image_url,captionA_url,captionB_url
timage/1.jpg,t3/1.jpg,t4/1.jpg
timage/2.jpg,t4/2.jpg,t3/1.jpg
timage/3.jpg,t3/1.jpg,t4/3.jpg
timage/4.jpg,t4/4.jpg,t3/1.jpg
timage/5.jpg,t4/5.jpg,t3/1.jpg
timage/6.jpg,t3/1.jpg,t4/6.jpg
timage/7.jpg,t4/7.jpg,t3/1.jpg
timage/8.jpg,t3/1.jpg,t4/8.jpg
image/00000.jpg,4/00000.jpg,3/00000.jpg
image/00001.jpg,4/00001.jpg,3/00001.jpg
image/00002.jpg,3/00002.jpg,4/00002.jpg
image/00003.jpg,4/00003.jpg,3/00003.jpg
image/00004.jpg,4/00004.jpg,3/00004.jpg
image/00005.jpg,3/00005.jpg,4/00005.jpg
image/00006.jpg,4/00006.jpg,3/00006.jpg
image/00007.jpg,4/00007.jpg,3/00007.jpg
image/00008.jpg,4/00008.jpg,3/00008.jpg
image/00009.jpg,4/00009.jpg,3/00009.jpg
image/00010.jpg,3/00010.jpg,4/00010.jpg
image/00011.jpg,4/00011.jpg,3/00011.jpg
image/00012.jpg,3/00012.jpg,4/00012.jpg
image/00013.jpg,4/00013.jpg,3/00013.jpg
image/00014.jpg,3/00014.jpg,4/00014.jpg
image/00015.jpg,3/00015.jpg,4/00015.jpg
image/00016.jpg,4/00016.jpg,3/00016.jpg
image/00017.jpg,3/00017.jpg,4/00017.jpg
image/00018.jpg,3/00018.jpg,4/00018.jpg
image/00019.jpg,4/00019.jpg,3/00019.jpg
image/00020.jpg,4/00020.jpg,3/00020.jpg
image/00021.jpg,3/00021.jpg,4/00021.jpg
image/00022.jpg,4/00022.jpg,3/00022.jpg
image/00023.jpg,4/00023.jpg,3/00023.jpg
image/00024.jpg,3/00024.jpg,4/00024.jpg
image/00025.jpg,4/00025.jpg,3/00025.jpg
image/00026.jpg,3/00026.jpg,4/00026.jpg
image/00027.jpg,4/00027.jpg,3/00027.jpg
image/00028.jpg,3/00028.jpg,4/00028.jpg
image/00029.jpg,4/00029.jpg,3/00029.jpg
image/00030.jpg,3/00030.jpg,4/00030.jpg
image/00031.jpg,3/00031.jpg,4/00031.jpg
image/00032.jpg,4/00032.jpg,3/00032.jpg
image/00033.jpg,4/00033.jpg,3/00033.jpg
image/00034.jpg,3/00034.jpg,4/00034.jpg
image/00035.jpg,3/00035.jpg,4/00035.jpg
image/00036.jpg,4/00036.jpg,3/00036.jpg
image/00037.jpg,3/00037.jpg,4/00037.jpg
image/00038.jpg,4/00038.jpg,3/00038.jpg
image/00039.jpg,4/00039.jpg,3/00039.jpg
image/00040.jpg,3/00040.jpg,4/00040.jpg
image/00041.jpg,4/00041.jpg,3/00041.jpg
image/00042.jpg,4/00042.jpg,3/00042.jpg
image/00043.jpg,3/00043.jpg,4/00043.jpg
image/00044.jpg,3/00044.jpg,4/00044.jpg
image/00045.jpg,4/00045.jpg,3/00045.jpg
image/00046.jpg,4/00046.jpg,3/00046.jpg
image/00047.jpg,3/00047.jpg,4/00047.jpg
image/00048.jpg,3/00048.jpg,4/00048.jpg
image/00049.jpg,4/00049.jpg,3/00049.jpg
image/00050.jpg,3/00050.jpg,4/00050.jpg
image/00051.jpg,3/00051.jpg,4/00051.jpg
image/00052.jpg,3/00052.jpg,4/00052.jpg
image/00053.jpg,4/00053.jpg,3/00053.jpg
image/00054.jpg,4/00054.jpg,3/00054.jpg
image/00055.jpg,3/00055.jpg,4/00055.jpg
image/00056.jpg,3/00056.jpg,4/00056.jpg
image/00057.jpg,3/00057.jpg,4/00057.jpg
image/00058.jpg,4/00058.jpg,3/00058.jpg
image/00059.jpg,3/00059.jpg,4/00059.jpg
image/00060.jpg,3/00060.jpg,4/00060.jpg
image/00061.jpg,3/00061.jpg,4/00061.jpg
image/00062.jpg,3/00062.jpg,4/00062.jpg
image/00063.jpg,3/00063.jpg,4/00063.jpg
image/00064.jpg,4/00064.jpg,3/00064.jpg
image/00065.jpg,4/00065.jpg,3/00065.jpg
image/00066.jpg,4/00066.jpg,3/00066.jpg
image/00067.jpg,4/00067.jpg,3/00067.jpg
image/00068.jpg,3/00068.jpg,4/00068.jpg
image/00069.jpg,3/00069.jpg,4/00069.jpg
image/00070.jpg,4/00070.jpg,3/00070.jpg
image/00071.jpg,4/00071.jpg,3/00071.jpg
image/00072.jpg,4/00072.jpg,3/00072.jpg
image/00073.jpg,3/00073.jpg,4/00073.jpg
image/00074.jpg,3/00074.jpg,4/00074.jpg
image/00075.jpg,3/00075.jpg,4/00075.jpg
image/00076.jpg,3/00076.jpg,4/00076.jpg
image/00077.jpg,4/00077.jpg,3/00077.jpg
image/00078.jpg,3/00078.jpg,4/00078.jpg
image/00079.jpg,4/00079.jpg,3/00079.jpg
image/00080.jpg,4/00080.jpg,3/00080.jpg
image/00081.jpg,4/00081.jpg,3/00081.jpg
image/00082.jpg,4/00082.jpg,3/00082.jpg
image/00083.jpg,3/00083.jpg,4/00083.jpg
image/00084.jpg,4/00084.jpg,3/00084.jpg
image/00085.jpg,3/00085.jpg,4/00085.jpg
image/00086.jpg,3/00086.jpg,4/00086.jpg
image/00087.jpg,3/00087.jpg,4/00087.jpg
image/00088.jpg,4/00088.jpg,3/00088.jpg
image/00089.jpg,4/00089.jpg,3/00089.jpg
image/00090.jpg,3/00090.jpg,4/00090.jpg
image/00091.jpg,3/00091.jpg,4/00091.jpg
image/00092.jpg,3/00092.jpg,4/00092.jpg
image/00093.jpg,4/00093.jpg,3/00093.jpg
image/00094.jpg,3/00094.jpg,4/00094.jpg
image/00095.jpg,4/00095.jpg,3/00095.jpg
image/00096.jpg,3/00096.jpg,4/00096.jpg
image/00097.jpg,4/00097.jpg,3/00097.jpg
image/00098.jpg,4/00098.jpg,3/00098.jpg
image/00099.jpg,4/00099.jpg,3/00099.jpg
image/00100.jpg,4/00100.jpg,3/00100.jpg
image/00101.jpg,3/00101.jpg,4/00101.jpg
image/00102.jpg,3/00102.jpg,4/00102.jpg
image/00103.jpg,4/00103.jpg,3/00103.jpg
image/00104.jpg,4/00104.jpg,3/00104.jpg
image/00105.jpg,4/00105.jpg,3/00105.jpg
image/00106.jpg,4/00106.jpg,3/00106.jpg
image/00107.jpg,3/00107.jpg,4/00107.jpg
image/00108.jpg,3/00108.jpg,4/00108.jpg
image/00109.jpg,3/00109.jpg,4/00109.jpg
image/00110.jpg,4/00110.jpg,3/00110.jpg
image/00111.jpg,3/00111.jpg,4/00111.jpg
image/00112.jpg,4/00112.jpg,3/00112.jpg
image/00113.jpg,4/00113.jpg,3/00113.jpg
image/00114.jpg,4/00114.jpg,3/00114.jpg
image/00115.jpg,4/00115.jpg,3/00115.jpg
image/00116.jpg,3/00116.jpg,4/00116.jpg
image/00117.jpg,4/00117.jpg,3/00117.jpg
image/00118.jpg,4/00118.jpg,3/00118.jpg
image/00119.jpg,4/00119.jpg,3/00119.jpg
image/00120.jpg,4/00120.jpg,3/00120.jpg
image/00121.jpg,4/00121.jpg,3/00121.jpg
image/00122.jpg,4/00122.jpg,3/00122.jpg
image/00123.jpg,4/00123.jpg,3/00123.jpg
image/00124.jpg,3/00124.jpg,4/00124.jpg
image/00125.jpg,4/00125.jpg,3/00125.jpg
image/00126.jpg,3/00126.jpg,4/00126.jpg
image/00127.jpg,3/00127.jpg,4/00127.jpg
image/00128.jpg,3/00128.jpg,4/00128.jpg
image/00129.jpg,4/00129.jpg,3/00129.jpg
image/00130.jpg,3/00130.jpg,4/00130.jpg
image/00131.jpg,3/00131.jpg,4/00131.jpg
image/00132.jpg,3/00132.jpg,4/00132.jpg
image/00133.jpg,4/00133.jpg,3/00133.jpg
image/00134.jpg,3/00134.jpg,4/00134.jpg
image/00135.jpg,4/00135.jpg,3/00135.jpg
image/00136.jpg,4/00136.jpg,3/00136.jpg
image/00137.jpg,4/00137.jpg,3/00137.jpg
image/00138.jpg,3/00138.jpg,4/00138.jpg
image/00139.jpg,4/00139.jpg,3/00139.jpg
image/00140.jpg,3/00140.jpg,4/00140.jpg
image/00141.jpg,3/00141.jpg,4/00141.jpg
image/00142.jpg,4/00142.jpg,3/00142.jpg
image/00143.jpg,4/00143.jpg,3/00143.jpg
image/00144.jpg,3/00144.jpg,4/00144.jpg
image/00145.jpg,3/00145.jpg,4/00145.jpg
image/00146.jpg,3/00146.jpg,4/00146.jpg
image/00147.jpg,3/00147.jpg,4/00147.jpg
image/00148.jpg,4/00148.jpg,3/00148.jpg
image/00149.jpg,4/00149.jpg,3/00149.jpg
image/00150.jpg,3/00150.jpg,4/00150.jpg
image/00151.jpg,3/00151.jpg,4/00151.jpg
image/00152.jpg,3/00152.jpg,4/00152.jpg
image/00153.jpg,3/00153.jpg,4/00153.jpg
image/00154.jpg,4/00154.jpg,3/00154.jpg
image/00155.jpg,3/00155.jpg,4/00155.jpg
image/00156.jpg,3/00156.jpg,4/00156.jpg
image/00157.jpg,3/00157.jpg,4/00157.jpg
image/00158.jpg,4/00158.jpg,3/00158.jpg
image/00159.jpg,3/00159.jpg,4/00159.jpg
image/00160.jpg,4/00160.jpg,3/00160.jpg
image/00161.jpg,4/00161.jpg,3/00161.jpg
image/00162.jpg,4/00162.jpg,3/00162.jpg
image/00163.jpg,4/00163.jpg,3/00163.jpg
image/00164.jpg,3/00164.jpg,4/00164.jpg
image/00165.jpg,4/00165.jpg,3/00165.jpg
image/00166.jpg,4/00166.jpg,3/00166.jpg
image/00167.jpg,3/00167.jpg,4/00167.jpg
image/00168.jpg,4/00168.jpg,3/00168.jpg
image/00169.jpg,4/00169.jpg,3/00169.jpg
image/00170.jpg,3/00170.jpg,4/00170.jpg
image/00171.jpg,3/00171.jpg,4/00171.jpg
image/00172.jpg,4/00172.jpg,3/00172.jpg
image/00173.jpg,3/00173.jpg,4/00173.jpg
image/00174.jpg,3/00174.jpg,4/00174.jpg
image/00175.jpg,4/00175.jpg,3/00175.jpg
image/00176.jpg,4/00176.jpg,3/00176.jpg
image/00177.jpg,4/00177.jpg,3/00177.jpg
image/00178.jpg,4/00178.jpg,3/00178.jpg
image/00179.jpg,3/00179.jpg,4/00179.jpg
image/00180.jpg,4/00180.jpg,3/00180.jpg
image/00181.jpg,4/00181.jpg,3/00181.jpg
image/00182.jpg,4/00182.jpg,3/00182.jpg
image/00183.jpg,3/00183.jpg,4/00183.jpg
image/00184.jpg,4/00184.jpg,3/00184.jpg
image/00185.jpg,4/00185.jpg,3/00185.jpg
image/00186.jpg,4/00186.jpg,3/00186.jpg
image/00187.jpg,4/00187.jpg,3/00187.jpg
image/00188.jpg,3/00188.jpg,4/00188.jpg
image/00189.jpg,3/00189.jpg,4/00189.jpg
image/00190.jpg,4/00190.jpg,3/00190.jpg
image/00191.jpg,4/00191.jpg,3/00191.jpg
image/00192.jpg,3/00192.jpg,4/00192.jpg
image/00193.jpg,3/00193.jpg,4/00193.jpg
image/00194.jpg,4/00194.jpg,3/00194.jpg
image/00195.jpg,4/00195.jpg,3/00195.jpg
image/00196.jpg,3/00196.jpg,4/00196.jpg
image/00197.jpg,3/00197.jpg,4/00197.jpg
image/00198.jpg,4/00198.jpg,3/00198.jpg
image/00199.jpg,4/00199.jpg,3/00199.jpg
image/00200.jpg,4/00200.jpg,3/00200.jpg
image/00201.jpg,3/00201.jpg,4/00201.jpg
image/00202.jpg,3/00202.jpg,4/00202.jpg
image/00203.jpg,3/00203.jpg,4/00203.jpg
image/00204.jpg,3/00204.jpg,4/00204.jpg
image/00205.jpg,3/00205.jpg,4/00205.jpg
image/00206.jpg,4/00206.jpg,3/00206.jpg
image/00207.jpg,4/00207.jpg,3/00207.jpg
image/00208.jpg,3/00208.jpg,4/00208.jpg
image/00209.jpg,3/00209.jpg,4/00209.jpg
image/00210.jpg,4/00210.jpg,3/00210.jpg
image/00211.jpg,4/00211.jpg,3/00211.jpg
image/00212.jpg,4/00212.jpg,3/00212.jpg
image/00213.jpg,3/00213.jpg,4/00213.jpg
image/00214.jpg,3/00214.jpg,4/00214.jpg
image/00215.jpg,4/00215.jpg,3/00215.jpg
image/00216.jpg,4/00216.jpg,3/00216.jpg
image/00217.jpg,3/00217.jpg,4/00217.jpg
image/00218.jpg,4/00218.jpg,3/00218.jpg
image/00219.jpg,3/00219.jpg,4/00219.jpg
image/00220.jpg,3/00220.jpg,4/00220.jpg
image/00221.jpg,3/00221.jpg,4/00221.jpg
image/00222.jpg,4/00222.jpg,3/00222.jpg
image/00223.jpg,3/00223.jpg,4/00223.jpg
image/00224.jpg,3/00224.jpg,4/00224.jpg
image/00225.jpg,3/00225.jpg,4/00225.jpg
image/00226.jpg,3/00226.jpg,4/00226.jpg
image/00227.jpg,3/00227.jpg,4/00227.jpg
image/00228.jpg,3/00228.jpg,4/00228.jpg
image/00229.jpg,4/00229.jpg,3/00229.jpg
image/00230.jpg,3/00230.jpg,4/00230.jpg
image/00231.jpg,3/00231.jpg,4/00231.jpg
image/00232.jpg,3/00232.jpg,4/00232.jpg
image/00233.jpg,4/00233.jpg,3/00233.jpg
image/00234.jpg,3/00234.jpg,4/00234.jpg
image/00235.jpg,3/00235.jpg,4/00235.jpg
image/00236.jpg,4/00236.jpg,3/00236.jpg
image/00237.jpg,4/00237.jpg,3/00237.jpg
image/00238.jpg,3/00238.jpg,4/00238.jpg
image/00239.jpg,3/00239.jpg,4/00239.jpg
image/00240.jpg,3/00240.jpg,4/00240.jpg
image/00241.jpg,4/00241.jpg,3/00241.jpg
image/00242.jpg,3/00242.jpg,4/00242.jpg
image/00243.jpg,4/00243.jpg,3/00243.jpg
image/00244.jpg,3/00244.jpg,4/00244.jpg
image/00245.jpg,4/00245.jpg,3/00245.jpg
image/00246.jpg,4/00246.jpg,3/00246.jpg
image/00247.jpg,3/00247.jpg,4/00247.jpg
image/00248.jpg,3/00248.jpg,4/00248.jpg
image/00249.jpg,3/00249.jpg,4/00249.jpg
